-- MySQL dump 10.13  Distrib 5.1.61, for redhat-linux-gnu (x86_64)
--
-- Host: darwin    Database: webauth
-- ------------------------------------------------------
-- Server version	5.1.61

--
-- Current Database: `webauth`
--

USE `webauth`;

--
-- Dumping data for table `users`
--

LOCK TABLES `users` WRITE;
INSERT IGNORE INTO `users` VALUES
  ('f9095327','{SHA}kGByAB793z4R5tK1eC9Hd/4Dhzk=','Marc Biggs'),
  ('i7230642','{SHA}kGByAB793z4R5tK1eC9Hd/4Dhzk=','Nicholas Athanasiou'),
  ('i7233313','{SHA}kGByAB793z4R5tK1eC9Hd/4Dhzk=','Joe Kulik'),
  ('i7287354','{SHA}kGByAB793z4R5tK1eC9Hd/4Dhzk=','David Pepper'),
  ('i7738135','{SHA}kGByAB793z4R5tK1eC9Hd/4Dhzk=','Will Lewis'),
  ('i7738617','{SHA}kGByAB793z4R5tK1eC9Hd/4Dhzk=','Simon Phillips'),
  ('i7739997','{SHA}kGByAB793z4R5tK1eC9Hd/4Dhzk=','Nikolas Athanasiou'),
  ('i7743595','{SHA}kGByAB793z4R5tK1eC9Hd/4Dhzk=','Dale Bissett'),
  ('i7762087','{SHA}kGByAB793z4R5tK1eC9Hd/4Dhzk=','Nam Truong'),
  ('i7783436','{SHA}kGByAB793z4R5tK1eC9Hd/4Dhzk=','Tom O\'Boyle'),
  ('i7783928','{SHA}kGByAB793z4R5tK1eC9Hd/4Dhzk=','Stuart Miles'),
  ('i7786236','{SHA}kGByAB793z4R5tK1eC9Hd/4Dhzk=','Callum Cohen'),
  ('i7788391','{SHA}kGByAB793z4R5tK1eC9Hd/4Dhzk=','Rob Thomas'),
  ('i7788644','{SHA}kGByAB793z4R5tK1eC9Hd/4Dhzk=','Jack Jarvis'),
  ('i7788652','{SHA}kGByAB793z4R5tK1eC9Hd/4Dhzk=','Jay Ellison'),
  ('i7788780','{SHA}kGByAB793z4R5tK1eC9Hd/4Dhzk=','Ashley Hewitt'),
  ('i7789890','{SHA}kGByAB793z4R5tK1eC9Hd/4Dhzk=','Charles Bareham'),
  ('i7803931','{SHA}kGByAB793z4R5tK1eC9Hd/4Dhzk=','Ben Oakenfull'),
  ('i7806377','{SHA}kGByAB793z4R5tK1eC9Hd/4Dhzk=','Mike Hampton'),
  ('i7809760','{SHA}kGByAB793z4R5tK1eC9Hd/4Dhzk=','Chris Luck'),
  ('i7816066','{SHA}kGByAB793z4R5tK1eC9Hd/4Dhzk=','Stuart Smillie'),
  ('i7825007','{SHA}kGByAB793z4R5tK1eC9Hd/4Dhzk=','David Rayner'),
  ('i7825278','{SHA}kGByAB793z4R5tK1eC9Hd/4Dhzk=','Chris Le Gallez'),
  ('i7840669','{SHA}kGByAB793z4R5tK1eC9Hd/4Dhzk=','Philip Mecklenburgh'),
  ('i7845391','{SHA}kGByAB793z4R5tK1eC9Hd/4Dhzk=','Lucas Dobinson'),
  ('i7848301','{SHA}kGByAB793z4R5tK1eC9Hd/4Dhzk=','Matt Hill'),
  ('i7850446','{SHA}kGByAB793z4R5tK1eC9Hd/4Dhzk=','Daniel Houston'),
  ('i7851459','{SHA}kGByAB793z4R5tK1eC9Hd/4Dhzk=','Mass Salvato'),
  ('i7856502','{SHA}kGByAB793z4R5tK1eC9Hd/4Dhzk=','Kyran Burraston'),
  ('i7859691','{SHA}kGByAB793z4R5tK1eC9Hd/4Dhzk=','William Ford'),
  ('i7861200','{SHA}kGByAB793z4R5tK1eC9Hd/4Dhzk=','Laurence Bird'),
  ('i7863510','{SHA}kGByAB793z4R5tK1eC9Hd/4Dhzk=','Martin Day'),
  ('i7866112','{SHA}kGByAB793z4R5tK1eC9Hd/4Dhzk=','Chris Charles'),
  ('i7866357','{SHA}kGByAB793z4R5tK1eC9Hd/4Dhzk=','Az Qummi'),
  ('i7867764','{SHA}kGByAB793z4R5tK1eC9Hd/4Dhzk=','Danny Corcoran'),
  ('i7867826','{SHA}kGByAB793z4R5tK1eC9Hd/4Dhzk=','Daniel Brassett'),
  ('i7869430','{SHA}kGByAB793z4R5tK1eC9Hd/4Dhzk=','Dan Hunter'),
  ('i7900352','{SHA}kGByAB793z4R5tK1eC9Hd/4Dhzk=','Dan Clark'),
  ('i7900862','{SHA}kGByAB793z4R5tK1eC9Hd/4Dhzk=','Mark Ian Almerol'),
  ('i7901692','{SHA}kGByAB793z4R5tK1eC9Hd/4Dhzk=','Sean Harding'),
  ('i7901989','{SHA}kGByAB793z4R5tK1eC9Hd/4Dhzk=','Edvanio Seque'),
  ('i7902223','{SHA}kGByAB793z4R5tK1eC9Hd/4Dhzk=','Tom King'),
  ('i7902257','{SHA}kGByAB793z4R5tK1eC9Hd/4Dhzk=','Daniel Smith'),
  ('i7902305','{SHA}kGByAB793z4R5tK1eC9Hd/4Dhzk=','Andy Jennings'),
  ('i7903174','{SHA}kGByAB793z4R5tK1eC9Hd/4Dhzk=','Dominic Kilminster'),
  ('i7903615','{SHA}kGByAB793z4R5tK1eC9Hd/4Dhzk=','Rob Withey'),
  ('i7903823','{SHA}kGByAB793z4R5tK1eC9Hd/4Dhzk=','Vin Chau'),
  ('i7904283','{SHA}kGByAB793z4R5tK1eC9Hd/4Dhzk=','Ed Wearing'),
  ('i7904353','{SHA}kGByAB793z4R5tK1eC9Hd/4Dhzk=','Mike Warner'),
  ('i7904814','{SHA}kGByAB793z4R5tK1eC9Hd/4Dhzk=','Scott Barton'),
  ('i7906218','{SHA}kGByAB793z4R5tK1eC9Hd/4Dhzk=','Wieslawa Litke'),
  ('i7906724','{SHA}kGByAB793z4R5tK1eC9Hd/4Dhzk=','Adam Mitchell'),
  ('i7906796','{SHA}kGByAB793z4R5tK1eC9Hd/4Dhzk=','Jake Skeates'),
  ('i7907020','{SHA}kGByAB793z4R5tK1eC9Hd/4Dhzk=','Matt Allen'),
  ('i7907219','{SHA}kGByAB793z4R5tK1eC9Hd/4Dhzk=','Luke Reed'),
  ('i7907397','{SHA}kGByAB793z4R5tK1eC9Hd/4Dhzk=','James Haylor'),
  ('i7907615','{SHA}kGByAB793z4R5tK1eC9Hd/4Dhzk=','Linas Daneliukas'),
  ('i7908919','{SHA}kGByAB793z4R5tK1eC9Hd/4Dhzk=','Jamie Cruwys'),
  ('i7909482','{SHA}kGByAB793z4R5tK1eC9Hd/4Dhzk=','Karl Parris'),
  ('i7910183','{SHA}kGByAB793z4R5tK1eC9Hd/4Dhzk=','Abdul Nuhu'),
  ('i7915260','{SHA}kGByAB793z4R5tK1eC9Hd/4Dhzk=','Matthew Ridley'),
  ('i7915964','{SHA}kGByAB793z4R5tK1eC9Hd/4Dhzk=','Matthew Stafford'),
  ('i7916334','{SHA}kGByAB793z4R5tK1eC9Hd/4Dhzk=','Paul Love'),
  ('i7917121','{SHA}kGByAB793z4R5tK1eC9Hd/4Dhzk=','Ross Patrick'),
  ('i7918356','{SHA}kGByAB793z4R5tK1eC9Hd/4Dhzk=','Mark Kent'),
  ('i7918877','{SHA}kGByAB793z4R5tK1eC9Hd/4Dhzk=','David Bristol'),
  ('i7920257','{SHA}kGByAB793z4R5tK1eC9Hd/4Dhzk=','Kamila Mielczarek'),
  ('i7922669','{SHA}kGByAB793z4R5tK1eC9Hd/4Dhzk=','Jack Gardner'),
  ('i7923343','{SHA}kGByAB793z4R5tK1eC9Hd/4Dhzk=','Tom Strudley'),
  ('i7924223','{SHA}kGByAB793z4R5tK1eC9Hd/4Dhzk=','Matthew Green'),
  ('i7937773','{SHA}kGByAB793z4R5tK1eC9Hd/4Dhzk=','Tom Levy'),
  ('i7938129','{SHA}kGByAB793z4R5tK1eC9Hd/4Dhzk=','Gareth Walters'),
  ('i7938149','{SHA}kGByAB793z4R5tK1eC9Hd/4Dhzk=','Aaron Braich'),
  ('i7938785','{SHA}kGByAB793z4R5tK1eC9Hd/4Dhzk=','Steve Hayman'),
  ('i7944136','{SHA}kGByAB793z4R5tK1eC9Hd/4Dhzk=','Aubrey Thomas'),
  ('i7947301','{SHA}kGByAB793z4R5tK1eC9Hd/4Dhzk=','Justin Brown'),
  ('i7949296','{SHA}kGByAB793z4R5tK1eC9Hd/4Dhzk=','Bishal Budhapirthi'),
  ('i7950545','{SHA}kGByAB793z4R5tK1eC9Hd/4Dhzk=','Ronnie Cowles'),
  ('i7951133','{SHA}kGByAB793z4R5tK1eC9Hd/4Dhzk=','Steve Ormandy'),
  ('i7951372','{SHA}kGByAB793z4R5tK1eC9Hd/4Dhzk=','Sam Hobbs'),
  ('i7951616','{SHA}kGByAB793z4R5tK1eC9Hd/4Dhzk=','Alex Wheeler'),
  ('i7951873','{SHA}kGByAB793z4R5tK1eC9Hd/4Dhzk=','Oliver Taghizadeh'),
  ('i7954059','{SHA}kGByAB793z4R5tK1eC9Hd/4Dhzk=','Will Chappell'),
  ('i7954662','{SHA}kGByAB793z4R5tK1eC9Hd/4Dhzk=','Stephen Goult'),
  ('i7954964','{SHA}kGByAB793z4R5tK1eC9Hd/4Dhzk=','Emelia Szor'),
  ('i7955643','{SHA}kGByAB793z4R5tK1eC9Hd/4Dhzk=','Jake Norton'),
  ('i7956365','{SHA}kGByAB793z4R5tK1eC9Hd/4Dhzk=','Aby Shobande'),
  ('i7956433','{SHA}kGByAB793z4R5tK1eC9Hd/4Dhzk=','Seb Soithongsuk'),
  ('i7957323','{SHA}kGByAB793z4R5tK1eC9Hd/4Dhzk=','Josh Mesout'),
  ('i7957603','{SHA}kGByAB793z4R5tK1eC9Hd/4Dhzk=','Tom Harris'),
  ('i7957733','{SHA}kGByAB793z4R5tK1eC9Hd/4Dhzk=','Liam Clay'),
  ('i7958983','{SHA}kGByAB793z4R5tK1eC9Hd/4Dhzk=','Botao Fan'),
  ('i7959333','{SHA}kGByAB793z4R5tK1eC9Hd/4Dhzk=','Adam Tonks'),
  ('i7959375','{SHA}kGByAB793z4R5tK1eC9Hd/4Dhzk=','Jessica de Ruyter'),
  ('i7961601','{SHA}kGByAB793z4R5tK1eC9Hd/4Dhzk=','Jeff Porreca'),
  ('i7970477','{SHA}kGByAB793z4R5tK1eC9Hd/4Dhzk=','Alexander Urombo'),
  ('i7970796','{SHA}kGByAB793z4R5tK1eC9Hd/4Dhzk=','Paul Webber'),
  ('i7980343','{SHA}kGByAB793z4R5tK1eC9Hd/4Dhzk=','Antony Krstic'),
  ('i7980393','{SHA}kGByAB793z4R5tK1eC9Hd/4Dhzk=','Matt Walter'),
  ('i7980461','{SHA}kGByAB793z4R5tK1eC9Hd/4Dhzk=','James Bowler'),
  ('i7980965','{SHA}kGByAB793z4R5tK1eC9Hd/4Dhzk=','Dom Harrington'),
  ('i7980994','{SHA}kGByAB793z4R5tK1eC9Hd/4Dhzk=','Kyle Brown'),
  ('i7981333','{SHA}kGByAB793z4R5tK1eC9Hd/4Dhzk=','James Ward'),
  ('i7982585','{SHA}kGByAB793z4R5tK1eC9Hd/4Dhzk=','Dean Stevenson'),
  ('i7983627','{SHA}kGByAB793z4R5tK1eC9Hd/4Dhzk=','Mirsade Murselaj'),
  ('i7983752','{SHA}kGByAB793z4R5tK1eC9Hd/4Dhzk=','Peter Kolinski'),
  ('i7983761','{SHA}kGByAB793z4R5tK1eC9Hd/4Dhzk=','Kenny Wood'),
  ('i7984254','{SHA}kGByAB793z4R5tK1eC9Hd/4Dhzk=','Owen Goves'),
  ('i7985027','{SHA}kGByAB793z4R5tK1eC9Hd/4Dhzk=','Aaron Peterson'),
  ('i7985710','{SHA}kGByAB793z4R5tK1eC9Hd/4Dhzk=','Geoff Langdon'),
  ('i7990383','{SHA}kGByAB793z4R5tK1eC9Hd/4Dhzk=','Kingsley Garrison'),
  ('i7991489','{SHA}kGByAB793z4R5tK1eC9Hd/4Dhzk=','Christos Zenonos'),
  ('i7991914','{SHA}kGByAB793z4R5tK1eC9Hd/4Dhzk=','Matt French'),
  ('i7992919','{SHA}kGByAB793z4R5tK1eC9Hd/4Dhzk=','Luke Smith'),
  ('i7993158','{SHA}kGByAB793z4R5tK1eC9Hd/4Dhzk=','Will Cowley'),
  ('i7993590','{SHA}kGByAB793z4R5tK1eC9Hd/4Dhzk=','Joel Downes'),
  ('i7994490','{SHA}kGByAB793z4R5tK1eC9Hd/4Dhzk=','Dan Bray'),
  ('i7995749','{SHA}kGByAB793z4R5tK1eC9Hd/4Dhzk=','James Chapman'),
  ('i7996288','{SHA}kGByAB793z4R5tK1eC9Hd/4Dhzk=','Russell Welton'),
  ('i7996666','{SHA}kGByAB793z4R5tK1eC9Hd/4Dhzk=','James Baxter'),
  ('i7997968','{SHA}kGByAB793z4R5tK1eC9Hd/4Dhzk=','Mike O\'Sullivan'),
  ('i7997993','{SHA}kGByAB793z4R5tK1eC9Hd/4Dhzk=','James Bliss'),
  ('i7999609','{SHA}kGByAB793z4R5tK1eC9Hd/4Dhzk=','Tom Garthwaite'),
  ('i9013192','{SHA}kGByAB793z4R5tK1eC9Hd/4Dhzk=','Oliver Stephens'),
  ('i9015260','{SHA}kGByAB793z4R5tK1eC9Hd/4Dhzk=','Owen Foster'),
  ('pdvrieze','{SHA}kGByAB793z4R5tK1eC9Hd/4Dhzk=','Paul de Vrieze'),
  ('test','{SHA}kGByAB793z4R5tK1eC9Hd/4Dhzk=',NULL);
/*!40000 ALTER TABLE `users` ENABLE KEYS */;
UNLOCK TABLES;

--
-- Dumping data for table `app_perms`
--

LOCK TABLES `app_perms` WRITE;
INSERT IGNORE INTO `app_perms` VALUES
  ('i7738135','chatterbox'),
  ('i7738617','chatterbox'),
  ('i7762087','chatterbox'),
  ('i7783436','chatterbox'),
  ('i7783928','chatterbox'),
  ('i7786236','chatterbox'),
  ('i7788391','chatterbox'),
  ('i7788644','chatterbox'),
  ('i7788652','chatterbox'),
  ('i7788780','chatterbox'),
  ('i7789890','chatterbox'),
  ('i7825007','chatterbox'),
  ('i7869430','chatterbox'),
  ('i7900352','chatterbox'),
  ('i7900862','chatterbox'),
  ('i7901692','chatterbox'),
  ('i7901989','chatterbox'),
  ('i7902223','chatterbox'),
  ('i7902257','chatterbox'),
  ('i7902305','chatterbox'),
  ('i7903174','chatterbox'),
  ('i7903615','chatterbox'),
  ('i7903823','chatterbox'),
  ('i7904283','chatterbox'),
  ('i7904353','chatterbox'),
  ('i7904814','chatterbox'),
  ('i7906218','chatterbox'),
  ('i7906724','chatterbox'),
  ('i7906796','chatterbox'),
  ('i7907020','chatterbox'),
  ('i7907219','chatterbox'),
  ('i7907397','chatterbox'),
  ('i7907615','chatterbox'),
  ('i7908919','chatterbox'),
  ('i7909482','chatterbox'),
  ('i7915260','chatterbox'),
  ('i7915964','chatterbox'),
  ('i7937773','chatterbox'),
  ('i7938785','chatterbox'),
  ('i7944136','chatterbox'),
  ('i7950545','chatterbox'),
  ('i7951133','chatterbox'),
  ('i7951372','chatterbox'),
  ('i7951616','chatterbox'),
  ('i7951873','chatterbox'),
  ('i7954059','chatterbox'),
  ('i7954662','chatterbox'),
  ('i7954964','chatterbox'),
  ('i7955643','chatterbox'),
  ('i7956365','chatterbox'),
  ('i7956433','chatterbox'),
  ('i7957323','chatterbox'),
  ('i7957603','chatterbox'),
  ('i7957733','chatterbox'),
  ('i7958983','chatterbox'),
  ('i7959333','chatterbox'),
  ('i7959375','chatterbox'),
  ('i7961601','chatterbox'),
  ('i7985027','chatterbox'),
  ('i7994490','chatterbox'),
  ('pdvrieze','chatterbox');
/*!40000 ALTER TABLE `app_perms` ENABLE KEYS */;
UNLOCK TABLES;

--
-- Dumping data for table `roles`
--

LOCK TABLES `roles` WRITE;
INSERT IGNORE INTO `roles` VALUES
  ('admin','Administrator of the system'),
  ('i7738135prog2svn','Programming 2 repository access for i7738135'),
  ('i7738617prog2svn','Programming 2 repository access for i7738617'),
  ('i7762087prog2svn','Programming 2 repository access for i7762087'),
  ('i7783436prog2svn','Programming 2 repository access for i7783436'),
  ('i7783928prog2svn','Programming 2 repository access for i7783928'),
  ('i7786236prog2svn','Programming 2 repository access for i7786236'),
  ('i7788391prog2svn','Programming 2 repository access for i7788391'),
  ('i7788644prog2svn','Programming 2 repository access for i7788644'),
  ('i7788652prog2svn','Programming 2 repository access for i7788652'),
  ('i7788780prog2svn','Programming 2 repository access for i7788780'),
  ('i7789890prog2svn','Programming 2 repository access for i7789890'),
  ('i7825007prog2svn','Programming 2 repository access for i7825007'),
  ('i7869430prog2svn','Programming 2 repository access for i7869430'),
  ('i7900352prog2svn','Programming 2 repository access for i7900352'),
  ('i7900862prog2svn','Programming 2 repository access for i7900862'),
  ('i7901692prog2svn','Programming 2 repository access for i7901692'),
  ('i7901989prog2svn','Programming 2 repository access for i7901989'),
  ('i7902223prog2svn','Programming 2 repository access for i7902223'),
  ('i7902257prog2svn','Programming 2 repository access for i7902257'),
  ('i7902305prog2svn','Programming 2 repository access for i7902305'),
  ('i7903174prog2svn','Programming 2 repository access for i7903174'),
  ('i7903615prog2svn','Programming 2 repository access for i7903615'),
  ('i7903823prog2svn','Programming 2 repository access for i7903823'),
  ('i7904283prog2svn','Programming 2 repository access for i7904283'),
  ('i7904353prog2svn','Programming 2 repository access for i7904353'),
  ('i7904814prog2svn','Programming 2 repository access for i7904814'),
  ('i7906218prog2svn','Programming 2 repository access for i7906218'),
  ('i7906724prog2svn','Programming 2 repository access for i7906724'),
  ('i7906796prog2svn','Programming 2 repository access for i7906796'),
  ('i7907020prog2svn','Programming 2 repository access for i7907020'),
  ('i7907219prog2svn','Programming 2 repository access for i7907219'),
  ('i7907397prog2svn','Programming 2 repository access for i7907397'),
  ('i7907615prog2svn','Programming 2 repository access for i7907615'),
  ('i7908919prog2svn','Programming 2 repository access for i7908919'),
  ('i7909482prog2svn','Programming 2 repository access for i7909482'),
  ('i7915260prog2svn','Programming 2 repository access for i7915260'),
  ('i7915964prog2svn','Programming 2 repository access for i7915964'),
  ('i7937773prog2svn','Programming 2 repository access for i7937773'),
  ('i7938785prog2svn','Programming 2 repository access for i7938785'),
  ('i7944136prog2svn','Programming 2 repository access for i7944136'),
  ('i7950545prog2svn','Programming 2 repository access for i7950545'),
  ('i7951133prog2svn','Programming 2 repository access for i7951133'),
  ('i7951372prog2svn','Programming 2 repository access for i7951372'),
  ('i7951616prog2svn','Programming 2 repository access for i7951616'),
  ('i7951873prog2svn','Programming 2 repository access for i7951873'),
  ('i7954059prog2svn','Programming 2 repository access for i7954059'),
  ('i7954662prog2svn','Programming 2 repository access for i7954662'),
  ('i7954964prog2svn','Programming 2 repository access for i7954964'),
  ('i7955643prog2svn','Programming 2 repository access for i7955643'),
  ('i7956365prog2svn','Programming 2 repository access for i7956365'),
  ('i7956433prog2svn','Programming 2 repository access for i7956433'),
  ('i7957323prog2svn','Programming 2 repository access for i7957323'),
  ('i7957603prog2svn','Programming 2 repository access for i7957603'),
  ('i7957733prog2svn','Programming 2 repository access for i7957733'),
  ('i7958983prog2svn','Programming 2 repository access for i7958983'),
  ('i7959333prog2svn','Programming 2 repository access for i7959333'),
  ('i7959375prog2svn','Programming 2 repository access for i7959375'),
  ('i7961601prog2svn','Programming 2 repository access for i7961601'),
  ('i7985027prog2svn','Programming 2 repository access for i7985027'),
  ('i7994490prog2svn','Programming 2 repository access for i7994490'),
  ('manager','Access to the manager application'),
  ('programming2','All users involved in programming2'),
  ('testgroup','Group to use when testing the system'),
  ('websystems','All web systems students');
UNLOCK TABLES;

--
-- Dumping data for table `user_roles`
--

LOCK TABLES `user_roles` WRITE;
INSERT IGNORE INTO `user_roles` VALUES
  ('pdvrieze','admin'),
  ('i7738135','i7738135prog2svn'),
  ('pdvrieze','i7738135prog2svn'),
  ('i7738617','i7738617prog2svn'),
  ('pdvrieze','i7738617prog2svn'),
  ('i7762087','i7762087prog2svn'),
  ('pdvrieze','i7762087prog2svn'),
  ('i7783436','i7783436prog2svn'),
  ('pdvrieze','i7783436prog2svn'),
  ('i7783928','i7783928prog2svn'),
  ('pdvrieze','i7783928prog2svn'),
  ('i7786236','i7786236prog2svn'),
  ('pdvrieze','i7786236prog2svn'),
  ('i7788391','i7788391prog2svn'),
  ('pdvrieze','i7788391prog2svn'),
  ('i7788644','i7788644prog2svn'),
  ('pdvrieze','i7788644prog2svn'),
  ('i7788652','i7788652prog2svn'),
  ('pdvrieze','i7788652prog2svn'),
  ('i7788780','i7788780prog2svn'),
  ('pdvrieze','i7788780prog2svn'),
  ('i7789890','i7789890prog2svn'),
  ('pdvrieze','i7789890prog2svn'),
  ('i7825007','i7825007prog2svn'),
  ('pdvrieze','i7825007prog2svn'),
  ('i7869430','i7869430prog2svn'),
  ('pdvrieze','i7869430prog2svn'),
  ('i7900352','i7900352prog2svn'),
  ('pdvrieze','i7900352prog2svn'),
  ('i7900862','i7900862prog2svn'),
  ('pdvrieze','i7900862prog2svn'),
  ('i7901692','i7901692prog2svn'),
  ('pdvrieze','i7901692prog2svn'),
  ('i7901989','i7901989prog2svn'),
  ('pdvrieze','i7901989prog2svn'),
  ('i7902223','i7902223prog2svn'),
  ('pdvrieze','i7902223prog2svn'),
  ('i7902257','i7902257prog2svn'),
  ('pdvrieze','i7902257prog2svn'),
  ('i7902305','i7902305prog2svn'),
  ('pdvrieze','i7902305prog2svn'),
  ('i7903174','i7903174prog2svn'),
  ('pdvrieze','i7903174prog2svn'),
  ('i7903615','i7903615prog2svn'),
  ('pdvrieze','i7903615prog2svn'),
  ('i7903823','i7903823prog2svn'),
  ('pdvrieze','i7903823prog2svn'),
  ('i7904283','i7904283prog2svn'),
  ('pdvrieze','i7904283prog2svn'),
  ('i7904353','i7904353prog2svn'),
  ('pdvrieze','i7904353prog2svn'),
  ('i7904814','i7904814prog2svn'),
  ('pdvrieze','i7904814prog2svn'),
  ('i7906218','i7906218prog2svn'),
  ('pdvrieze','i7906218prog2svn'),
  ('i7906724','i7906724prog2svn'),
  ('pdvrieze','i7906724prog2svn'),
  ('i7906796','i7906796prog2svn'),
  ('pdvrieze','i7906796prog2svn'),
  ('i7907020','i7907020prog2svn'),
  ('pdvrieze','i7907020prog2svn'),
  ('i7907219','i7907219prog2svn'),
  ('pdvrieze','i7907219prog2svn'),
  ('i7907397','i7907397prog2svn'),
  ('pdvrieze','i7907397prog2svn'),
  ('i7907615','i7907615prog2svn'),
  ('pdvrieze','i7907615prog2svn'),
  ('i7908919','i7908919prog2svn'),
  ('pdvrieze','i7908919prog2svn'),
  ('i7909482','i7909482prog2svn'),
  ('pdvrieze','i7909482prog2svn'),
  ('i7915260','i7915260prog2svn'),
  ('pdvrieze','i7915260prog2svn'),
  ('i7915964','i7915964prog2svn'),
  ('pdvrieze','i7915964prog2svn'),
  ('i7937773','i7937773prog2svn'),
  ('pdvrieze','i7937773prog2svn'),
  ('i7938785','i7938785prog2svn'),
  ('pdvrieze','i7938785prog2svn'),
  ('i7944136','i7944136prog2svn'),
  ('pdvrieze','i7944136prog2svn'),
  ('i7950545','i7950545prog2svn'),
  ('pdvrieze','i7950545prog2svn'),
  ('i7951133','i7951133prog2svn'),
  ('pdvrieze','i7951133prog2svn'),
  ('i7951372','i7951372prog2svn'),
  ('pdvrieze','i7951372prog2svn'),
  ('i7951616','i7951616prog2svn'),
  ('pdvrieze','i7951616prog2svn'),
  ('i7951873','i7951873prog2svn'),
  ('pdvrieze','i7951873prog2svn'),
  ('i7954059','i7954059prog2svn'),
  ('pdvrieze','i7954059prog2svn'),
  ('i7954662','i7954662prog2svn'),
  ('pdvrieze','i7954662prog2svn'),
  ('i7954964','i7954964prog2svn'),
  ('pdvrieze','i7954964prog2svn'),
  ('i7955643','i7955643prog2svn'),
  ('pdvrieze','i7955643prog2svn'),
  ('i7956365','i7956365prog2svn'),
  ('pdvrieze','i7956365prog2svn'),
  ('i7956433','i7956433prog2svn'),
  ('pdvrieze','i7956433prog2svn'),
  ('i7957323','i7957323prog2svn'),
  ('pdvrieze','i7957323prog2svn'),
  ('i7957603','i7957603prog2svn'),
  ('pdvrieze','i7957603prog2svn'),
  ('i7957733','i7957733prog2svn'),
  ('pdvrieze','i7957733prog2svn'),
  ('i7958983','i7958983prog2svn'),
  ('pdvrieze','i7958983prog2svn'),
  ('i7959333','i7959333prog2svn'),
  ('pdvrieze','i7959333prog2svn'),
  ('i7959375','i7959375prog2svn'),
  ('pdvrieze','i7959375prog2svn'),
  ('i7961601','i7961601prog2svn'),
  ('pdvrieze','i7961601prog2svn'),
  ('i7985027','i7985027prog2svn'),
  ('pdvrieze','i7985027prog2svn'),
  ('i7994490','i7994490prog2svn'),
  ('pdvrieze','i7994490prog2svn'),
  ('pdvrieze','manager'),
  ('i7738135','programming2'),
  ('i7738617','programming2'),
  ('i7762087','programming2'),
  ('i7783436','programming2'),
  ('i7783928','programming2'),
  ('i7786236','programming2'),
  ('i7788391','programming2'),
  ('i7788644','programming2'),
  ('i7788652','programming2'),
  ('i7788780','programming2'),
  ('i7789890','programming2'),
  ('i7825007','programming2'),
  ('i7869430','programming2'),
  ('i7900352','programming2'),
  ('i7900862','programming2'),
  ('i7901692','programming2'),
  ('i7901989','programming2'),
  ('i7902223','programming2'),
  ('i7902257','programming2'),
  ('i7902305','programming2'),
  ('i7903174','programming2'),
  ('i7903615','programming2'),
  ('i7903823','programming2'),
  ('i7904283','programming2'),
  ('i7904353','programming2'),
  ('i7904814','programming2'),
  ('i7906218','programming2'),
  ('i7906724','programming2'),
  ('i7906796','programming2'),
  ('i7907020','programming2'),
  ('i7907219','programming2'),
  ('i7907397','programming2'),
  ('i7907615','programming2'),
  ('i7908919','programming2'),
  ('i7909482','programming2'),
  ('i7915260','programming2'),
  ('i7915964','programming2'),
  ('i7937773','programming2'),
  ('i7938785','programming2'),
  ('i7944136','programming2'),
  ('i7950545','programming2'),
  ('i7951133','programming2'),
  ('i7951372','programming2'),
  ('i7951616','programming2'),
  ('i7951873','programming2'),
  ('i7954059','programming2'),
  ('i7954662','programming2'),
  ('i7954964','programming2'),
  ('i7955643','programming2'),
  ('i7956365','programming2'),
  ('i7956433','programming2'),
  ('i7957323','programming2'),
  ('i7957603','programming2'),
  ('i7957733','programming2'),
  ('i7958983','programming2'),
  ('i7959333','programming2'),
  ('i7959375','programming2'),
  ('i7961601','programming2'),
  ('i7985027','programming2'),
  ('i7994490','programming2'),
  ('pdvrieze','programming2'),
  ('pdvrieze','testgroup'),
  ('test','testgroup'),
  ('f9095327','websystems'),
  ('i7230642','websystems'),
  ('i7233313','websystems'),
  ('i7287354','websystems'),
  ('i7739997','websystems'),
  ('i7743595','websystems'),
  ('i7803931','websystems'),
  ('i7806377','websystems'),
  ('i7809760','websystems'),
  ('i7816066','websystems'),
  ('i7825278','websystems'),
  ('i7840669','websystems'),
  ('i7845391','websystems'),
  ('i7848301','websystems'),
  ('i7850446','websystems'),
  ('i7851459','websystems'),
  ('i7856502','websystems'),
  ('i7859691','websystems'),
  ('i7861200','websystems'),
  ('i7863510','websystems'),
  ('i7866112','websystems'),
  ('i7866357','websystems'),
  ('i7867764','websystems'),
  ('i7867826','websystems'),
  ('i7910183','websystems'),
  ('i7916334','websystems'),
  ('i7917121','websystems'),
  ('i7918356','websystems'),
  ('i7918877','websystems'),
  ('i7920257','websystems'),
  ('i7922669','websystems'),
  ('i7923343','websystems'),
  ('i7924223','websystems'),
  ('i7938129','websystems'),
  ('i7938149','websystems'),
  ('i7947301','websystems'),
  ('i7949296','websystems'),
  ('i7970477','websystems'),
  ('i7970796','websystems'),
  ('i7980343','websystems'),
  ('i7980393','websystems'),
  ('i7980461','websystems'),
  ('i7980965','websystems'),
  ('i7980994','websystems'),
  ('i7981333','websystems'),
  ('i7982585','websystems'),
  ('i7983627','websystems'),
  ('i7983752','websystems'),
  ('i7983761','websystems'),
  ('i7984254','websystems'),
  ('i7985710','websystems'),
  ('i7990383','websystems'),
  ('i7991489','websystems'),
  ('i7991914','websystems'),
  ('i7992919','websystems'),
  ('i7993158','websystems'),
  ('i7993590','websystems'),
  ('i7995749','websystems'),
  ('i7996288','websystems'),
  ('i7996666','websystems'),
  ('i7997968','websystems'),
  ('i7997993','websystems'),
  ('i7999609','websystems'),
  ('i9013192','websystems'),
  ('i9015260','websystems');
UNLOCK TABLES;

USE `websystems`;

DROP TABLE IF EXISTS `members`;
DROP TABLE IF EXISTS `wsgroups`;
DROP TABLE IF EXISTS `slots`;

--
-- Table structure for table `slots`
--

CREATE TABLE `slots` (
  `slot` int(11) NOT NULL AUTO_INCREMENT,
  `description` varchar(80) DEFAULT NULL,
  `date` date DEFAULT NULL,
  PRIMARY KEY (`slot`)
) ENGINE=InnoDB DEFAULT CHARSET=utf8;

--
-- Table structure for table `wsgroups`
--

CREATE TABLE `wsgroups` (
  `hgroup` int(11) NOT NULL AUTO_INCREMENT,
  `topic` mediumtext,
  `slot` int(11) DEFAULT NULL,
  PRIMARY KEY (`hgroup`),
  KEY `slot` (`slot`),
  CONSTRAINT `wsgroups_ibfk_1` FOREIGN KEY (`slot`) REFERENCES `slots` (`slot`)
) ENGINE=InnoDB AUTO_INCREMENT=6 DEFAULT CHARSET=utf8;

--
-- Table structure for table `members`
--

CREATE TABLE `members` (
  `user` varchar(30) NOT NULL,
  `hgroup` int(11) NOT NULL,
  PRIMARY KEY (`user`),
  KEY `hgroup` (`hgroup`),
  CONSTRAINT `members_ibfk_1` FOREIGN KEY (`hgroup`) REFERENCES `wsgroups` (`hgroup`)
) ENGINE=InnoDB DEFAULT CHARSET=utf8;

--
-- Dumping data for table `wsgroups`
--

LOCK TABLES `wsgroups` WRITE;
INSERT INTO `wsgroups` VALUES 
  (1,NULL,NULL),
  (2,NULL,NULL),
  (3,NULL,NULL),
  (4,NULL,NULL),
  (5,NULL,NULL);
UNLOCK TABLES;

--
-- Dumping data for table `members`
--

LOCK TABLES `members` WRITE;
/*!40000 ALTER TABLE `members` DISABLE KEYS */;
INSERT INTO `members` VALUES
  ('i7920257',1),
  ('i7983627',1),
  ('i7867764',2),
  ('i7922669',2),
  ('i7991914',3),
  ('i7992919',3),
  ('i7983761',4),
  ('i7991489',4),
  ('i7910183',5),
  ('i7970477',5);
/*!40000 ALTER TABLE `members` ENABLE KEYS */;
UNLOCK TABLES;
